Metric,avg,min,max,sum,p1,p5,p10,p25,p50,p75,p90,p95,p99,std
Active Decode Throughput (tokens/sec),4.60,0.00,9.27,,,,,,4.61,,4.62,4.63,4.64,0.09
Active Decode Throughput Per User (tokens/sec/user),4.60,0.00,9.27,,,,,,4.61,,4.62,4.63,4.64,0.09
Active Prefill Throughput (tokens/sec),1157.27,1150.95,1170.20,,,,,,1155.33,,1170.20,1170.20,1170.20,6.83
Active Prefill Throughput Per User (tokens/sec/user),1157.27,1150.95,1170.20,,,,,,1155.33,,1170.20,1170.20,1170.20,6.83
Active Total Throughput (tokens/sec),9.17,4.60,1170.20,,,,,,4.60,,4.60,4.60,4.60,72.43
Credit-to-Start Latency (ms),2.44,1.27,3.18,12.19,1.29,1.36,1.45,1.71,2.92,3.10,3.15,3.16,3.18,0.79
Decode Duration (ms),217091.36,216942.03,217325.47,1085456.78,216943.47,216949.21,216956.38,216977.90,217039.77,217171.60,217263.93,217294.70,217319.32,140.77
E2E Output Token Throughput (tokens/sec/user),4.59,4.58,4.59,22.94,4.58,4.58,4.58,4.59,4.59,4.59,4.59,4.59,4.59,0.00
Effective Concurrency,1.00,0.00,1.00,,,,,,1.00,,1.00,1.00,1.00,0.01
Effective Decode Concurrency,1.00,0.00,1.00,,,,,,1.00,,1.00,1.00,1.00,0.06
Effective Decode Throughput (tokens/sec),4.58,0.00,9.27,,,,,,4.61,,4.62,4.63,4.64,0.30
Effective Decode Throughput Per User (tokens/sec/user),4.58,0.00,9.27,,,,,,4.61,,4.62,4.63,4.64,0.30
Effective Latency (CO-aware) (ms),217957.90,217810.51,218194.91,1089789.48,217811.44,217815.16,217819.80,217833.73,217906.70,218043.63,218134.40,218164.66,218188.86,143.73
Effective Prefill Concurrency,0.00,0.00,1.00,,,,,,0.00,,0.00,0.00,0.00,0.06
Effective Prefill Throughput (tokens/sec),4.59,0.00,1170.20,,,,,,0.00,,0.00,0.00,0.00,72.72
Effective Prefill Throughput Per User (tokens/sec/user),4.59,0.00,1170.20,,,,,,0.00,,0.00,0.00,0.00,72.72
Effective Total Throughput (tokens/sec),9.17,0.00,1170.20,,,,,,4.60,,4.60,4.60,4.60,72.43
HTTP Blocked (ms),0.00,0.00,0.00,0.00,0.00,0.00,0.00,0.00,0.00,0.00,0.00,0.00,0.00,0.00
HTTP Chunks Received,1000.00,1000.00,1000.00,5000.00,1000.00,1000.00,1000.00,1000.00,1000.00,1000.00,1000.00,1000.00,1000.00,0.00
HTTP Chunks Sent,1.00,1.00,1.00,5.00,1.00,1.00,1.00,1.00,1.00,1.00,1.00,1.00,1.00,0.00
HTTP Connecting (ms),0.19,0.00,0.97,0.97,0.00,0.00,0.00,0.00,0.00,0.00,0.58,0.78,0.93,0.39
HTTP Connection Overhead (ms),0.19,0.00,0.97,0.97,0.00,0.00,0.00,0.00,0.00,0.00,0.58,0.78,0.93,0.39
HTTP Connection Reused (ratio),0.80,0.00,1.00,4.00,0.04,0.20,0.40,1.00,1.00,1.00,1.00,1.00,1.00,0.40
HTTP Data Received (KB),237.78,237.71,238.03,1188.92,237.71,237.72,237.72,237.73,237.73,237.73,237.91,237.97,238.01,0.12
HTTP Data Sent (KB),4.46,4.20,4.74,22.30,4.21,4.25,4.29,4.42,4.44,4.50,4.64,4.69,4.73,0.17
HTTP DNS Lookup (ms),0.00,0.00,0.00,0.00,0.00,0.00,0.00,0.00,0.00,0.00,0.00,0.00,0.00,0.00
HTTP Duration (excl. conn) (ms),217955.38,217807.52,218193.16,1089776.92,217808.51,217812.48,217817.43,217832.30,217903.54,218040.40,218132.05,218162.60,218187.05,143.85
HTTP Receiving (ms),217091.39,216942.07,217325.48,1085456.93,216943.51,216949.25,216956.43,216977.96,217039.79,217171.62,217263.94,217294.71,217319.33,140.76
HTTP Sending (ms),0.34,0.10,1.20,1.71,0.11,0.11,0.12,0.13,0.13,0.14,0.78,0.99,1.16,0.43
HTTP Total Time (ms),217955.58,217807.52,218193.16,1089777.88,217808.55,217812.67,217817.82,217833.27,217903.54,218040.40,218132.05,218162.60,218187.05,143.68
HTTP Waiting (TTFB) (ms),863.66,853.13,868.64,4318.28,853.55,855.23,857.33,863.61,865.32,867.57,868.21,868.43,868.60,5.54
Input Sequence Length (tokens),1000.00,1000.00,1000.00,5000.00,1000.00,1000.00,1000.00,1000.00,1000.00,1000.00,1000.00,1000.00,1000.00,0.00
Inter Chunk Latency (ms),217.44,214.60,653.57,1085456.78,215.62,216.16,216.40,216.81,217.28,217.75,218.20,218.52,219.52,6.95
Inter Token Latency (ms),217.31,217.16,217.54,1086.54,217.16,217.17,217.17,217.20,217.26,217.39,217.48,217.51,217.54,0.14
OSL Mismatch Diff % (%),0.00,0.00,0.00,0.00,0.00,0.00,0.00,0.00,0.00,0.00,0.00,0.00,0.00,0.00
Output Sequence Length (tokens),1000.00,1000.00,1000.00,5000.00,1000.00,1000.00,1000.00,1000.00,1000.00,1000.00,1000.00,1000.00,1000.00,0.00
Output Token Count (tokens),1000.00,1000.00,1000.00,5000.00,1000.00,1000.00,1000.00,1000.00,1000.00,1000.00,1000.00,1000.00,1000.00,0.00
Output Token Throughput Per User (tokens/sec/user),4.60,4.60,4.60,23.01,4.60,4.60,4.60,4.60,4.60,4.60,4.60,4.60,4.60,0.00
Prefill Throughput Per User (tokens/sec/user),1157.31,1150.95,1170.20,5786.55,1151.01,1151.24,1151.54,1152.44,1155.33,1157.64,1165.18,1167.69,1169.70,6.85
Request Latency (ms),217955.46,217807.59,218193.20,1089777.30,217808.58,217812.56,217817.53,217832.45,217903.60,218040.45,218132.10,218162.65,218187.09,143.83
Time to First Output Token (ms),864.10,854.55,868.85,4320.51,854.92,856.41,858.26,863.83,865.55,867.73,868.40,868.63,868.80,5.08
Time to First Token (ms),864.10,854.55,868.85,4320.51,854.92,856.41,858.26,863.83,865.55,867.73,868.40,868.63,868.80,5.08
Time to Second Token (ms),220.49,218.42,222.16,1102.43,218.48,218.72,219.03,219.93,219.95,221.97,222.08,222.12,222.15,1.40
Tokens In Flight (tokens),1498.34,0.00,2000.00,,,,,,1498.00,,1900.00,1950.00,1989.97,289.78

Metric,Value
Benchmark Duration (sec),1089.80
Input Token Throughput (tokens/sec),4.59
OSL Mismatch Count,0.00
Output Token Throughput (tokens/sec),4.59
Request Count,5.00
Request Throughput (requests/sec),0.00
Total Input Sequence Length (tokens),5000.00
Total Output Sequence Length (tokens),5000.00
Total Output Tokens (tokens),5000.00
Total Token Throughput (tokens/sec),9.18


Endpoint,GPU_Index,GPU_Name,GPU_UUID,Platform,Metric,avg,min,max,sum,p1,p5,p10,p25,p50,p75,p90,p95,p99,std
